feature,accuracy_drop,std
valid_url,0.0913284132841328,0.017263497597160987
url_length,0.0476014760147601,0.013801921925656857
path_length,0.043542435424354195,0.013437004764600094
nb_www,0.025830258302583,0.010694742986117682
nb_hyphens,0.024354243542435372,0.007230966030356264
nb_dots,0.01346863468634682,0.014112883695397156
sensitive_words_count,0.010147601476014689,0.006791572811552008
nb_or,0.009963099630996253,0.009558548964567244
nb_underscore,0.005350553505534999,0.003776658577575389
nb_and,-2.2204460492503132e-17,0.002609250115079507
at_symbol,-0.00018450184501845324,0.0008042248973322409
nb_com,-0.0038745387453875068,0.0088464738706545
isHttps,-0.004797047970479756,0.011790808345882255
